Name,State,ID,Main,Control,Region,Locale,Enrollment,PartTime,TuitionIn,TuitionOut,White,Black,Hispanic,Asian,Other
Institute for Clinical Social Work,IL,145886,1,Private,Midwest,City,NA,NA,NA,NA,NA,NA,NA,NA,NA
Beth Medrash Govoha,NJ,183804,1,Private,Northeast,City,2629,1,NA,NA,96.7,0,0.2,0,3.2
Design Institute of San Diego,CA,113582,1,Profit,West,City,126,36.5,22510,22510,56.4,7.1,17.5,10.3,8.7
Saint John's Seminary,MA,167677,1,Private,Northeast,City,23,0,NA,NA,82.6,0,8.7,0,8.7
Associated Technical College-Los Angeles,CA,109721,1,Profit,West,City,387,0,17000,17000,10.3,41.9,38.5,2.3,7
Thomas More College,KY,157809,1,Private,Southeast,Suburb,1399,3.2,30270,30270,76.1,8.3,2.4,0.8,12.5
Carrington College-Pleasant Hill,CA,438258,0,Profit,West,Suburb,365,16.2,33126,33126,28.8,12.1,33.7,17,8.5
Ross Medical Education Center-Kentwood,MI,365833,0,Profit,Midwest,Suburb,150,0,15740,15740,54,15.3,24,1.3,5.3
The Salon Professional Academy-Appleton,WI,454537,1,Profit,Midwest,Suburb,52,0,14900,14900,80.8,3.9,0,7.7,7.7
University of Nebraska Medical Center,NE,181428,1,Public,Midwest,City,849,15.4,NA,NA,86,2,6,2,4
Aquinas College,MI,168786,1,Private,Midwest,City,1434,8.2,31244,31244,75.6,3.8,6.8,1.3,12.6
Kor Beauty Academy,AZ,490452,1,Profit,West,Suburb,8,37.5,14850,14850,12.5,50,37.5,0,0
Rensselaer at Hartford,CT,129428,0,Private,Northeast,City,NA,NA,NA,NA,NA,NA,NA,NA,NA
Lake Erie College of Osteopathic Medicine,PA,407629,1,Private,Northeast,City,NA,NA,NA,NA,NA,NA,NA,NA,NA
Kent State University at Stark,OH,203465,0,Public,Midwest,Suburb,4235,56.1,5664,14196,82.5,6.4,2.4,1,7.9
Paul Mitchell the School-Tulsa,OK,486567,1,Profit,West,City,190,4.2,13900,13900,69,11.6,10,1.6,7.9
Empire Beauty School-Rochester,NY,481845,0,Profit,Northeast,Suburb,76,40.8,12750,12750,44.7,32.9,14.5,1.3,6.6
Cheyney University of Pennsylvania,PA,211608,1,Public,Northeast,Suburb,722,7.2,12104,18386,1.9,78.1,4.9,0.6,14.5
Metropolitan Community College-Kansas City,MO,177995,1,Public,Midwest,City,14276,53.5,3120,7140,58.6,16.1,11.2,3.1,11.1
United Education Institute-Chula Vista,CA,447607,0,Profit,West,Suburb,498,0,19900,19900,7.8,10.8,70.5,5.4,5.4
North Florida Technical College,FL,132675,1,Public,Southeast,Town,90,27.8,6217,6217,78.9,15.6,2.2,0,3.3
Tennessee College of Applied Technology-Athens,TN,219596,1,Public,Southeast,Town,232,0,4038,4038,89.2,3.9,6,0,0.9
Pittsburg State University,KS,155681,1,Public,Midwest,Town,5340,5.7,7100,18152,78.7,3.9,5.9,0.9,10.6
Pittsburgh Technical College,PA,215415,1,Private,Northeast,Rural,1828,0,16817,16817,65.8,7.3,0.4,0.7,25.8
James Sprunt Community College,NC,198729,1,Public,Southeast,Rural,1043,59.8,2542,8686,42.7,29.2,23.6,0.3,4.3
Southwestern Adventist University,TX,228468,1,Private,West,Town,780,17.1,20732,20732,21.7,14,45,4.2,15.1
Brookdale Community College,NJ,183859,1,Public,Northeast,Rural,10843,45.9,4388,7911,64.9,10.1,14.4,3.7,6.9
Saint Paul School of Theology,KS,179317,1,Private,Midwest,Suburb,NA,NA,NA,NA,NA,NA,NA,NA,NA
University of Charleston,WV,237312,1,Private,Southeast,City,1810,32.6,30400,30400,48.1,8.6,2.4,1.1,39.9
Manhattan Area Technical College,KS,155487,1,Public,Midwest,City,480,32.7,6030,6030,75.4,7.9,9,1.5,6.2
Gene Juarez Academy of Beauty-Federal Way,WA,407708,0,Profit,West,Suburb,203,0,17100,17100,58.1,9.4,15.3,4.4,12.8
United Education Institute-Encino,CA,384245,0,Profit,West,City,623,0,19900,19900,11.2,5.5,77.2,2.7,3.4
Pacific States University,CA,120838,1,Private,West,City,8,0,16005,16005,0,0,0,0,100
Polytechnic University of Puerto Rico-Miami,FL,456481,0,Private,Southeast,Suburb,61,63.9,12090,12090,4.9,1.6,93.4,0,0
Shawnee State University,OH,205443,1,Public,Midwest,Town,3099,10.5,7439,13247,86.2,5.3,0.7,0.7,7.1
Washington and Lee University,VA,234207,1,Private,Southeast,Town,1819,0.1,50170,50170,82.5,2.3,4.5,3.4,7.3
San Francisco State University,CA,122597,1,Public,West,City,25966,15.1,7254,19134,18.3,5.4,33.1,26,17.2
University of New Orleans,LA,159939,1,Public,Southeast,City,5917,20.5,8484,13320,51.5,16.6,12.6,8.6,10.7
AMG School of Licensed Practical Nursing,NY,486415,1,Profit,Northeast,City,163,0,30000,30000,4.3,79.1,12.3,4.3,0
Parkland College,IL,147916,1,Public,Midwest,City,5647,52.6,4920,15870,58.6,13.1,8.4,4.1,15.8
Elaine Steven Beauty College,MO,177287,1,Profit,Midwest,Suburb,122,30.3,15450,15450,23.8,69.7,3.3,0,3.3
Chamberlain University-Michigan,MI,486947,0,Profit,Midwest,City,290,63.5,19375,19375,69.7,11.7,5.5,7.9,5.2
Institute of Beauty Occupations and Technology Course-San Sebastian,PR,489414,0,Profit,Territory,Suburb,54,0,9900,9900,0,0,100,0,0
Wartburg Theological Seminary,IA,154536,1,Private,Midwest,City,NA,NA,NA,NA,NA,NA,NA,NA,NA
Paul Mitchell the School-Honolulu,HI,461591,1,Profit,West,City,133,0,19058,19058,20.3,7.5,6.8,24.1,41.4
The College of Idaho,ID,142294,1,Private,West,Suburb,936,4.3,28755,28755,64.1,3.5,13.7,2.2,16.5
Hodges University,FL,367884,1,Private,Southeast,Suburb,1069,46.5,13940,13940,44.3,13.8,34.9,3,4
Western Washington University,WA,237011,1,Public,West,City,14876,8,8183,22695,71.5,1.7,9,6.5,11.3
University of Connecticut-Avery Point,CT,436827,0,Public,Northeast,Suburb,619,8.1,12838,34906,67.9,4.5,12,7.4,8.3
Century College,PR,436553,1,Profit,Territory,City,281,0,6875,6875,0,0,100,0,0
Stella and Charles Guttman Community College,NY,475565,1,Public,Northeast,City,1010,10.6,5194,8074,6.5,23.7,59.9,4.6,5.4
New Beginnings Beauty Academy,AR,485591,1,Profit,Southeast,City,17,0,15820,15820,0,94.1,5.9,0,0
Springfield Technical Community College,MA,167905,1,Public,Northeast,City,4837,53.5,6066,12576,42.4,15.9,29.1,3.5,9.1
Central School of Practical Nursing,VA,231688,1,Public,Southeast,City,18,44.4,6580,6580,50,50,0,0,0
Ideal Beauty Academy,KY,480161,0,Profit,Southeast,Suburb,10,0,12166,12166,50,50,0,0,0
Southern University at Shreveport,LA,160649,1,Public,Southeast,City,2165,26.3,4184,7432,6.2,87.8,0.1,0.6,5.3
New York Institute of Massage Inc,NY,431071,1,Profit,Northeast,Suburb,46,39.1,17500,17500,87,4.4,4.4,2.2,2.2
Greater Altoona Career & Technology Center,PA,383367,1,Public,Northeast,City,234,21.4,14893,14893,91.9,0.9,1.7,0.9,4.7
Kansas State University,KS,155399,1,Public,Midwest,City,18171,8.4,10135,25492,78.3,3.4,7.1,1.5,9.8
Hood Theological Seminary,NC,443076,1,Private,Southeast,Suburb,NA,NA,NA,NA,NA,NA,NA,NA,NA
Summit Salon Academy,IN,457572,1,Profit,Midwest,City,102,0,13800,13800,88.2,3.9,3.9,0,3.9
Navajo Technical University,NM,187596,1,Public,West,Rural,1257,25.8,4070,4070,0.2,0.3,0.5,0.2,98.8
South Texas Vocational Technical Institute-Weslaco,TX,228200,1,Profit,West,Suburb,443,0,18360,18360,1.1,0.2,98.7,0,0
Denison University,OH,202523,1,Private,Midwest,Suburb,2321,0.1,50440,50440,64.5,6.6,9.2,4,15.7
College of Micronesia-FSM,FM,243638,1,Public,Territory,NA,2016,27.9,4750,4750,0,0,0,0.1,100
Lewis & Clark College,OR,209056,1,Private,West,City,2021,0.7,46988,46988,64.4,2.8,11.6,5.8,15.3
Delaware College of Art and Design,DE,432524,1,Private,Northeast,City,143,5.6,25710,25710,51.1,19.6,7.7,2.1,19.6
Loyola University New Orleans,LA,159656,1,Private,Southeast,City,2534,4.7,39492,39492,51.5,14.8,16.5,3.4,13.9
Spencerian College-Louisville,KY,157766,1,Profit,Southeast,Suburb,381,39.9,20400,20400,56.7,18.4,1.8,0.8,22.3
Universidad Ana G. Mendez-Online Campus,PR,483595,1,Private,Territory,City,NA,NA,NA,NA,NA,NA,NA,NA,NA
Palo Alto College,TX,246354,1,Public,West,City,6681,74.8,2760,13770,15.3,3,78.1,0.9,2.6
Southwest Acupuncture College-Santa Fe,NM,366605,1,Profit,West,City,NA,NA,NA,NA,NA,NA,NA,NA,NA
Virginia Western Community College,VA,233949,1,Public,Southeast,City,4312,57.1,5228,11156,74.7,12.1,4.4,3.5,5.3
Athens Technical College,GA,246813,1,Public,Southeast,City,3808,72.5,2794,4930,63.7,19.7,7.3,2.7,6.7
St. John's College-Department of Nursing,IL,148593,1,Private,Midwest,City,118,11,NA,NA,93.2,1.7,1.7,0.9,2.6
Perry Technical Institute,WA,236212,1,Private,West,City,842,0,35857,35857,47.7,0.4,45.3,0.7,5.9
Florida Panhandle Technical College,FL,138284,1,Public,Southeast,Town,364,6.9,3773,3773,83.8,13.7,0,0,2.5
Pontifical Catholic University of Puerto Rico-Arecibo,PR,241395,0,Private,Territory,Suburb,558,11.7,5268,5268,0,0,96.2,0,3.8
Frederick School of Cosmetology,MD,455017,1,Profit,Northeast,City,23,34.8,18150,18150,78.3,13,8.7,0,0
The Chicago School of Professional Psychology at Xavier University of Louisiana,LA,487153,0,Private,Southeast,City,NA,NA,NA,NA,NA,NA,NA,NA,NA
Wittenberg University,OH,206525,1,Private,Midwest,City,1780,1.8,38730,38730,76.4,10,4.1,1.1,8.4
Ohio University-Main Campus,OH,204857,1,Public,Midwest,Town,22936,23.2,11896,21360,83.2,5.6,3,1.1,7.1
Eastern Mennonite University,VA,232043,1,Private,Southeast,City,1089,13.5,35800,35800,69.2,9.4,7.3,2.4,11.8
Branford Hall Career Institute-Jersey City,NJ,249140,0,Profit,Northeast,City,146,0,14730,14730,4.1,32.9,49.3,4.1,9.6
House of Heavilin Beauty College-Academy of Beauty Professionals,WI,489140,0,Profit,Midwest,City,36,0,17801,17801,72.2,11.1,8.3,2.8,5.6
North Central State College,OH,204422,1,Public,Midwest,Rural,1798,63,3591,7181,85.4,4.5,2.6,0.9,6.6
Eastern Michigan University,MI,169798,1,Public,Midwest,Suburb,16536,25.8,12019,29200,64.2,18.5,5.2,2.5,9.7
University of Mobile,AL,101693,1,Private,Southeast,Rural,1276,9.7,22210,22210,61.7,18.6,2.1,1.4,16.2
Concorde Career College-Garden Grove,CA,123679,1,Profit,West,Suburb,577,0,28810,28810,2.3,2.1,10.9,5.2,79.6
Johnson College,PA,213233,1,Private,Northeast,City,446,13.7,18567,18567,87.2,2.2,6.7,0.7,3.1
Georgia Piedmont Technical College,GA,244446,1,Public,Southeast,Suburb,3138,73.1,2920,5056,8.6,82.4,3.3,2.2,3.5
Tricoci University of Beauty Cuture LLC-Bloomington,IN,367088,1,Profit,Midwest,City,68,36.8,16800,16800,86.8,8.8,0,0,4.4
College of Massage Therapy,ID,460808,1,Public,West,Town,28,0,9000,9000,100,0,0,0,0
United States Coast Guard Academy,CT,130624,1,Public,Northeast,City,1044,0,NA,NA,64.7,6.3,9.3,6.5,13.2
Chamberlain University-New Jersey,NJ,486956,0,Profit,Northeast,Suburb,511,58.3,19375,19375,35.8,22.7,17.2,11.9,12.3
Paul Mitchell the School-Schenectady,NY,484011,1,Profit,Northeast,City,157,29.9,13000,13000,80.9,10.2,3.8,1.3,3.8
Corban University,OR,210331,1,Private,West,City,963,3.7,31640,31640,75.3,1.1,1.7,2,19.9
Stevens-Henager College,UT,477950,0,Private,West,City,111,0,16968,16968,67.6,1.8,14.4,0,16.2
Empire Beauty School-Speedway,IN,458858,0,Profit,Midwest,Suburb,218,37.6,19260,19260,11,74.3,2.3,0,12.4
Pierce College-Fort Steilacoom,WA,235237,1,Public,West,City,4938,53.6,3783,4197,46.4,9.9,13.6,5.4,24.8
Hobe Sound Bible College,FL,134510,1,Private,Southeast,Suburb,233,51.9,6595,6595,66.5,6.9,7.7,0.9,18
Future Generations University,WV,481030,1,Private,Southeast,Rural,NA,NA,NA,NA,NA,NA,NA,NA,NA
Triangle Tech Inc-Greensburg,PA,216445,1,Profit,Northeast,Suburb,121,0,16594,16594,94.2,3.3,0,0,2.5
Protege Academy,MI,487083,0,Profit,Midwest,Town,44,0,15900,15900,81.8,0,2.3,0,15.9
California State University-Northridge,CA,110608,1,Public,West,City,35620,16.6,6875,18755,21.1,4.8,47.7,10.5,16
House of Heavilin Beauty College-Academy of Beauty Professionals,WI,489122,0,Profit,Midwest,City,31,0,8431,8431,54.8,25.8,6.5,6.5,6.5
Platt College-Los Angeles,CA,260789,1,Profit,West,Suburb,587,0,13794,13794,15.5,4.3,59.3,13.3,7.7
Central Community College,NE,180902,1,Public,Midwest,City,3743,50.3,3000,4320,72.1,2.6,22.7,1.1,1.5
Georgia Institute of Technology-Main Campus,GA,139755,1,Public,Southeast,City,14810,6.5,12418,33014,49.7,7,6.7,20.1,16.5
New Tyler Barber College Inc,AR,107442,1,Profit,Southeast,City,50,0,15825,15825,2,98,0,0,0
Cosmetology Academy of Texarkana,TX,482200,1,Profit,West,City,67,0,15100,15100,55.2,41.8,1.5,0,1.5
Pepperdine University,CA,121150,1,Private,West,Suburb,3594,8.2,51992,51992,50.6,4.5,13.7,10.1,21.1
B-Unique Beauty and Barber Academy,SC,487898,1,Profit,Southeast,City,41,46.3,16650,16650,9.8,80.5,9.8,0,0
Great Lakes Truck Driving School,OH,490072,1,Profit,Midwest,Rural,29,13.8,9995,9995,58.6,24.1,13.8,0,3.4
Yavapai College,AZ,106148,1,Public,West,City,4682,65.1,2280,8976,46.2,0.9,26.7,0.7,25.6
The Chicago School of Professional Psychology at Washington DC,DC,459745,0,Private,Northeast,City,NA,NA,NA,NA,NA,NA,NA,NA,NA
The College of New Jersey,NJ,187134,1,Public,Northeast,Suburb,6850,3.1,16149,27578,65.6,5.9,12.9,11.5,4.1
Lexington Theological Seminary,KY,157207,1,Private,Southeast,City,NA,NA,NA,NA,NA,NA,NA,NA,NA
Gem City College,IL,145309,1,Profit,Midwest,Town,36,0,15925,15925,97.2,2.8,0,0,0
Eastern New Mexico University-Main Campus,NM,187648,1,Public,West,Town,3431,24.7,6013,11788,41.8,6,41.6,0.9,9.8
Tennessee College of Applied Technology-McMinnville,TN,221607,1,Public,Southeast,Town,161,18,4038,4038,81.4,5,10.6,1.2,1.9
Montana Technological University,MT,180416,1,Public,West,Town,1640,6.8,7125,21956,75.8,1,1.6,0.4,21.3
Merryfield School of Pet Grooming,FL,135559,1,Profit,Southeast,Suburb,74,54.1,10800,10800,37.8,10.8,43.2,2.7,5.4
SUNY College at Old Westbury,NY,196237,1,Public,Northeast,Suburb,4481,10.6,7883,17533,29.4,28.1,26,10.3,6.2
Kansas City Kansas Community College,KS,155292,1,Public,Midwest,City,4088,55.3,3248,8048,43.2,23.4,18.1,4,11.3
Empire Beauty School-Boston,MA,164845,0,Profit,Northeast,City,160,28.8,13600,13600,22.5,38.8,18.8,2.5,17.5
St Bernard's School of Theology and Ministry,NY,195155,1,Private,Northeast,Suburb,NA,NA,NA,NA,NA,NA,NA,NA,NA
Faust Institute of Cosmetology-Storm Lake,IA,153339,1,Profit,Midwest,Rural,25,0,13450,13450,68,0,20,12,0
Inter American University of Puerto Rico-Guayama,PR,242699,1,Private,Territory,City,1789,17.5,5860,5860,0.2,0.1,99.7,0,0.1
Monmouth University,NJ,185572,1,Private,Northeast,Suburb,4683,3.9,36732,36732,71.2,4.9,13.4,3,7.5
Flashpoint Chicago A Campus of Columbia College Hollywood,IL,460747,1,Profit,Midwest,City,314,21.7,27454,27454,33.1,32.2,18.8,3.8,12.1
Villa Maria College,NY,197142,1,Private,Northeast,City,591,17.1,22080,22080,53,33.2,6.1,1.5,6.3
National Career College,CA,455868,1,Profit,West,City,270,0,12600,12600,5.9,5.6,63,17.4,8.1
Medspa Academies,UT,476993,1,Profit,West,Suburb,166,0,14550,14550,81.9,0.6,10.8,1.2,5.4
College of Southern Maryland,MD,162122,1,Public,Northeast,Rural,6699,61.2,3690,8266,54.9,25.8,7.2,3.2,9
San Jose City College,CA,122746,1,Public,West,City,7719,73.6,1356,7852,14.7,6,44.8,23.5,11.1
CUNY School of Law,NY,190682,1,Public,Northeast,City,NA,NA,NA,NA,NA,NA,NA,NA,NA
Platt College-Miller-Motte Technical-Augusta,GA,460826,0,Profit,Southeast,City,445,22,12100,12100,12.8,83.4,1.4,0.7,1.8
New York Conservatory for Dramatic Arts,NY,421841,1,Profit,Northeast,City,237,0,33242,33242,40.5,19.8,17.7,1.3,20.7
Tompkins Cortland Community College,NY,196565,1,Public,Northeast,Town,2264,22.9,6014,11264,62.4,14,10.6,2.2,10.8
Fortis College-Indianapolis,IN,458681,0,Profit,Midwest,City,334,0,20100,20100,20.7,72.8,2.1,0,4.5
Fresno Pacific University,CA,114813,1,Private,West,City,2791,16.1,30458,30458,28.9,5.3,49.1,4.1,12.6
United Education Institute-UEI College Stockton,CA,480471,0,Profit,West,City,492,0,19900,19900,14.2,19.5,53.1,5.7,7.5
Southeastern Institute-Charlotte,NC,451352,1,Profit,Southeast,City,251,46.2,18288,18288,20.3,59.8,11.2,0.4,8.4
Laguna College of Art and Design,CA,117168,1,Private,West,Rural,636,11.6,29800,29800,48.9,1.9,18.6,18.9,11.8
Southeastern Baptist Theological Seminary,NC,199759,1,Private,Southeast,Suburb,406,33.3,10730,10730,83,6.9,3.7,3,3.5
Kalamazoo College,MI,170532,1,Private,Midwest,City,1415,0.6,46840,46840,57,8.1,12.9,7.9,14.1
Appalachian Bible College,WV,237136,1,Private,Southeast,Rural,157,3.8,14290,14290,93,1.3,0.6,1.3,3.8
Reformed University,GA,490230,1,Private,Southeast,Suburb,117,6.8,5300,5300,0,0,0,23.1,76.9
Hillsborough Community College,FL,134495,1,Public,Southeast,City,23235,54.6,2506,9111,34.7,18.3,31.8,2.8,12.4
South Texas Barber College Inc,TX,228185,1,Profit,West,City,33,0,8300,8300,0,12.1,87.9,0,0
Parker University,TX,243823,1,Private,West,City,330,18.2,15564,15564,38.5,27.9,20.9,4.9,7.9
Seton Hill University,PA,215947,1,Private,Northeast,Suburb,1659,6.6,34660,34660,81.8,8.5,3.6,1.2,5
San Joaquin Valley College-Visalia,CA,122685,1,Profit,West,Rural,5239,0,30175,30175,23.1,7.9,51.1,5.8,12
Pacific Northwest University of Health Sciences,WA,455406,1,Private,West,Suburb,NA,NA,NA,NA,NA,NA,NA,NA,NA
Loyola University Chicago,IL,146719,1,Private,Midwest,City,11193,5.8,43078,43078,55.3,5.5,15.6,12,11.6
Word of Life Bible Institute,NY,197531,1,Private,Northeast,Rural,522,0,10300,10300,70.5,3.1,4.8,1.5,20.1
Tricoci University of Beauty Culture-Bridgeview,IL,455895,1,Profit,Midwest,Suburb,227,61.2,19982,19982,19.4,44.5,33.5,1.3,1.3
Taylor Andrews Academy of Hair Design-West Jordan,UT,461494,1,Profit,West,Suburb,195,49.2,15000,15000,77.4,0,14.4,1,7.2
Loyola University Maryland,MD,163046,1,Private,Northeast,City,3903,0.8,47560,47560,77.6,5.3,9.7,3.8,3.5
Paul Mitchell the School-Arkansas,AR,107789,1,Profit,Southeast,City,106,18.9,14250,14250,85.9,2.8,8.5,0.9,1.9
Sanford Burnham Prebys Medical Discovery Institute,CA,481535,1,Private,West,City,NA,NA,NA,NA,NA,NA,NA,NA,NA
Saint Luke's College of Health Sciences,MO,179450,1,Private,Midwest,City,478,18.8,NA,NA,56.3,6.1,3.4,6.7,27.6
Mr Wayne's School of Unisex Hair Design,TN,376631,1,Profit,Southeast,Town,56,41.1,15000,15000,89.3,1.8,5.4,0,3.6
Platt College-McCann-Lewisburg,PA,438221,0,Profit,Northeast,Town,265,23,11346,11346,80.4,15.1,3,0.4,1.1
Montgomery College,MD,163426,1,Public,Northeast,City,18915,61.1,4974,13110,23.2,26.3,25.3,11.7,13.6
College of the Ouachitas,AR,107521,1,Public,Southeast,Town,642,42.7,3680,6530,70.6,19.5,4.5,0.5,5
SUNY College at Oswego,NY,196194,1,Public,Northeast,Town,7090,3.6,8191,17841,70.6,9.1,11.9,2.8,5.6
Compu-Med Vocational Careers Corp,FL,423120,1,Profit,Southeast,Suburb,647,0,7400,7400,0,0,100,0,0
Tint School of Makeup & Cosmetology-Seattle,WA,484826,0,Profit,West,City,74,0,16350,16350,59.5,9.5,13.5,8.1,9.5
Southwestern Community College,NC,199731,1,Public,Southeast,Town,1649,55.3,2213,7589,78.9,1.5,5,0.7,13.9
Opelousas School of Cosmetology,LA,159601,1,Profit,Southeast,Town,9,0,10000,10000,44.4,55.6,0,0,0
Southeast Technical Institute,SD,219426,1,Public,Midwest,Rural,2025,29.9,6110,6110,85.1,1.5,4.2,2.9,6.2
Ringling College of Art and Design,FL,136774,1,Private,Southeast,City,1454,4.1,44560,44560,47.6,3.9,17.3,8.8,22.4
Citadel Military College of South Carolina,SC,217864,1,Public,Southeast,City,2814,9.1,12056,33819,74.8,9.6,6.7,2.2,6.7
City College-Miami,FL,434539,0,Private,Southeast,City,186,32.3,13695,13695,3.8,28,65.6,0,2.7
University of Southern California,CA,123961,1,Private,West,City,18942,2.5,54259,54259,39.7,4.6,14.5,20.5,20.7
Fortis College-Montgomery,AL,475130,0,Profit,Southeast,City,207,0,14628,14628,19.8,77.8,1,0.5,1
Northwood University,MI,171492,1,Private,Midwest,City,2880,38.4,26080,26080,56.9,3.2,5.6,0.8,33.5
Institute of Medical Careers,PA,461218,1,Profit,Northeast,Suburb,159,4.4,13275,13275,64.2,34.6,0.6,0,0.6
Stanly Community College,NC,199740,1,Public,Southeast,Town,1943,58.3,2661,8805,65.7,18.6,3.3,2.7,9.8
Mountainland Technical College,UT,448248,1,Public,West,Suburb,1144,82.3,470,470,78.5,1.1,15.4,0.9,4.2
Aveda Institute-Des Moines,IA,475015,1,Profit,Midwest,City,138,0,21100,21100,73.9,3.6,5.8,2.9,13.8
Wichita Technical Institute,KS,156134,1,Profit,Midwest,City,938,0,15600,15600,57.9,19.2,11.4,1.7,9.8
The College of Health Care Professions-McAllen Campus,TX,489283,0,Profit,West,City,384,0,16300,16300,1.6,0,97.9,0,0.5
Northwestern Oklahoma State University,OK,207306,1,Public,West,Town,1735,23.5,7066,14183,65,7.7,9.6,0.5,17.3
Towson University,MD,164076,1,Public,Northeast,City,19367,11.9,9694,22140,56.6,20.9,7.8,5.9,8.8
Cambridge Technical Institute,PR,444264,1,Profit,Territory,City,178,12.4,10043,10043,0,0,100,0,0
Saint Mary's University of Minnesota,MN,174817,1,Private,Midwest,Town,1471,24.1,33560,33560,65.8,8.4,8,2.6,15.3
Academy of Hair Design-Grenada,MS,175722,0,Profit,Southeast,Rural,29,0,13900,13900,100,0,0,0,0
American River College,CA,109208,1,Public,West,Suburb,29082,80.2,1104,8208,39.7,7.8,24.7,10.6,17.3
Kent State University at Tuscarawas,OH,203483,0,Public,Midwest,Town,1762,65.4,5664,14196,87.5,4.3,2.1,0.7,5.4
Barber Institute of Texas,TX,484048,1,Profit,West,City,6,0,23025,23025,16.7,33.3,33.3,0,16.7
Duquesne University,PA,212106,1,Private,Northeast,City,5930,1.8,36394,36394,80.3,5.3,3.5,3.1,7.7
New England College,NH,182980,1,Private,Northeast,Rural,1819,1.4,36954,36954,51.5,25.3,7.8,1.9,13.5
Harcum College,PA,212869,1,Private,Northeast,Suburb,1436,26,23670,23670,29.9,51.1,11.6,1.5,5.9
Jefferson Lewis BOCES-Practical Nursing Program,NY,417886,1,Public,Northeast,Rural,77,0,11792,11792,83.1,7.8,5.2,0,3.9
Saint Francis Medical Center School of Nursing,NJ,186423,1,Private,Northeast,City,68,0,NA,NA,58.8,26.5,11.8,0,3
Nashville State Community College,TN,221184,1,Public,Southeast,City,6672,48.3,4065,16041,50.3,32.3,7.7,3.9,5.8
Platt College-Riverside,CA,480204,0,Profit,West,City,524,0,13794,13794,19.7,9.5,61.1,0.6,9.2
Salon Success Academy-Fontana,CA,456588,0,Profit,West,Suburb,35,0,18400,18400,5.7,17.1,65.7,2.9,8.6
Cornerstone University,MI,170037,1,Private,Midwest,City,1681,25.1,27520,27520,76.5,11.7,5.3,1.8,4.8
Academy for Five Element Acupuncture,FL,451079,1,Private,Southeast,City,NA,NA,NA,NA,NA,NA,NA,NA,NA
Blue Cliff College-Alexandria,LA,450128,0,Profit,Southeast,City,535,0,15471,15471,30.1,62.4,1.7,0.4,5.4
SUNY College at Plattsburgh,NY,196246,1,Public,Northeast,Town,5272,7.4,8148,17798,64,8.5,12.4,2.7,12.5
Colorado Christian University,CO,126669,1,Private,West,City,4918,64.8,30370,30370,63.3,13.5,14.4,1.2,7.6
Barnes-Jewish College Goldfarb School of Nursing,MO,177719,1,Private,Midwest,City,569,0,NA,NA,83.5,5.3,2.6,1.9,6.7
Leston College,PR,444732,1,Profit,Territory,Suburb,9,0,7230,7230,0,0,100,0,0
Huntsville Bible College,AL,449348,1,Private,Southeast,City,118,86.4,4560,4560,1.7,98.3,0,0,0
West Coast Ultrasound Institute,CA,441229,1,Profit,West,Suburb,686,0,20300,20300,48.4,3.1,43.2,5.1,0.3
Binghamton University,NY,196079,1,Public,Northeast,Suburb,13702,2.6,9523,24403,57.4,5.2,11.3,14,12.1
Clark University,MA,165334,1,Private,Northeast,City,2205,0.8,44400,44400,57.6,3.8,8,7.9,22.6
Gateway Community and Technical College,KY,157438,1,Public,Southeast,Suburb,3090,58.6,4160,13880,84.7,7.2,4.5,0.8,2.9
St Louis College of Health Careers-Fenton,MO,442426,0,Profit,Midwest,Suburb,421,34.9,30632,30632,47,44.2,2.4,1.7,4.8
Marquette University,WI,239105,1,Private,Midwest,City,8093,1.6,39900,39900,69.9,3.9,12.3,6.8,7.1
CUNY Brooklyn College,NY,190549,1,Public,Northeast,City,13712,22.2,7040,14430,30.4,20.8,23.4,19.9,5.5
Mesalands Community College,NM,188261,1,Public,West,Town,456,58.6,1812,2916,37.9,3.1,48.3,0.7,10.1
Chamberlain University-Illinois,IL,454227,1,Profit,Midwest,Suburb,15689,81.1,19375,19375,57.2,11,11.9,6.7,13.2
Inter American University of Puerto Rico-School of Optometry,PR,404222,1,Private,Territory,Suburb,NA,NA,NA,NA,NA,NA,NA,NA,NA
Dallas Nursing Institute,TX,437732,1,Private,West,City,175,50.3,27385,27385,13.7,65.1,10.3,7.4,3.4
Paul Mitchell the School-Huntsville,AL,417008,1,Profit,Southeast,Suburb,125,0,16000,16000,72.8,13.6,3.2,0.8,9.6
Newberry School of Beauty,CA,119845,1,Profit,West,City,134,32.1,17700,17700,36.6,9,50,3,1.5
Faulkner University,AL,101189,1,Private,Southeast,City,2272,23.3,20970,20970,41.5,49.7,2,0.4,6.5
Princess Beauty School,MI,486327,1,Profit,Midwest,Suburb,22,9.1,13650,13650,72.7,18.2,4.6,4.6,0
Blue Ridge Community College,NC,198039,1,Public,Southeast,Suburb,1514,59.9,2601,8745,76.3,4.8,9.8,1.3,7.9
Brandman University,CA,262086,1,Private,West,City,3502,71,12360,12360,53.1,10.4,16.5,3.8,16.2
Christopher Newport University,VA,231712,1,Public,Southeast,City,4950,1.7,13654,25850,75.2,7.2,5.3,2.7,9.7
Morgantown Beauty College Inc,WV,237570,1,Profit,Southeast,City,73,0,18902,18902,89,6.9,1.4,2.7,0
Delta College Inc,LA,402563,1,Profit,Southeast,Rural,203,0,27900,27900,70,25.1,3.9,0,1
Seguin Beauty School-New Braunfels,TX,368540,0,Profit,West,City,26,0,15550,15550,46.2,3.9,50,0,0
Salt Lake Community College,UT,230746,1,Public,West,Suburb,21445,66.2,3781,12020,65.8,2.6,20.2,3.9,7.5
Rust College,MS,176318,1,Private,Southeast,Town,860,7.9,9700,9700,0.6,95.8,0,0,3.6
The College of Health Care Professions-Fort Worth,TX,480833,0,Profit,West,City,503,0,17000,17000,36.6,12.7,42.7,3.6,4.4
Los Angeles Southwest College,CA,117715,1,Public,West,Suburb,5138,73.2,1220,7538,2.1,49.3,38.6,1.6,8.4
Boca Beauty Academy,FL,481483,1,Profit,Southeast,Suburb,84,22.6,9310,9310,50,15.5,22.6,1.2,10.7
Mid-America Christian University,OK,245953,1,Private,West,City,1561,25.7,17830,17830,50.7,19.7,9.7,0.6,19.2
Charles H McCann Technical School,MA,419095,1,Public,Northeast,Rural,33,0,3624,3624,97,0,3,0,0
Gannon University,PA,212601,1,Private,Northeast,City,2616,4.1,30932,30932,72.8,4.8,3,1.5,17.9
National Aviation Academy of Tampa Bay,FL,378956,1,Profit,Southeast,Suburb,680,0,36000,36000,54.6,12.9,25,2.8,4.7
Ross Medical Education Center-Midland,MI,488970,0,Profit,Midwest,City,72,0,15740,15740,94.4,0,0,1.4,4.2
Bryant & Stratton College-Amherst,NY,189556,0,Profit,Northeast,Suburb,258,34.1,16601,16601,72.5,18.6,2.3,0.4,6.2
Universidad Central de Bayamon,PR,241225,1,Private,Territory,Suburb,1410,19.5,6260,6260,0,0,99.5,0,0.5
Concordia University-Portland,OR,208488,1,Private,West,City,1353,17.1,30270,30270,62.1,5,2.4,7.1,23.5
Norfolk State University,VA,232937,1,Public,Southeast,City,4641,13.6,9036,20478,3.9,84.9,3.6,0.5,7.2
Antioch University-New England,NH,245865,0,Private,Northeast,Town,NA,NA,NA,NA,NA,NA,NA,NA,NA
Empire Beauty School-Peekskill,NY,193991,1,Profit,Northeast,Suburb,33,0,12500,12500,24.2,33.3,24.2,9.1,9.1
PCI Academy-Plymouth,MN,443979,0,Profit,Midwest,City,94,28.7,18213,18213,63.8,20.2,4.3,7.5,4.3
Academy Di Capelli-School of Cosmetology,CT,449463,1,Profit,Northeast,Suburb,84,59.5,18930,18930,56,6,35.7,0,2.4
International Academy,FL,134714,1,Profit,Southeast,Suburb,154,58.4,16200,16200,53.9,30.5,12.3,1.3,1.9
Total Transformation Institute of Cosmetology,TX,483735,1,Profit,West,Suburb,42,52.4,16390,16390,40.5,2.4,42.9,2.4,11.9
Hartford Seminary,CT,129491,1,Private,Northeast,City,NA,NA,NA,NA,NA,NA,NA,NA,NA
CUNY Lehman College,NY,190637,1,Public,Northeast,City,10949,34.4,7010,14400,5.5,26.5,57.6,6.1,4.3
Clovis Adult Education,CA,112367,1,Public,West,Suburb,792,50.1,12000,12000,15.4,4.8,40.9,18.3,20.6
Kent State University at Geauga,OH,203526,0,Public,Midwest,Rural,1955,76.5,5664,14196,76.7,11.2,3.3,1.9,7
Pinnacle Institute of Cosmetology,NC,408163,1,Profit,Southeast,Suburb,50,0,16500,16500,84,12,2,0,2
Montgomery County Community College,PA,214111,1,Public,Northeast,Suburb,8948,61.9,5730,14970,58.3,15,7.5,6.3,12.9
SUNY Buffalo State,NY,196130,1,Public,Northeast,City,8395,9,7976,17626,44.9,33.5,13.1,3.2,5.3
Hamilton College,NY,191515,1,Private,Northeast,Suburb,1885,0,52770,52770,63.7,4.2,8.9,7.2,16.1
Crevier's Academy of Cosmetology Arts,MT,180090,1,Profit,West,Town,69,0,10800,10800,92.8,0,0,2.9,4.4
Beal College,ME,160995,1,Profit,Northeast,City,246,26,23900,23900,72.4,1.2,1.2,0,25.2
The Art Institute of Virginia Beach,VA,458496,0,Profit,Southeast,City,370,17.6,17590,17590,38.1,41.6,11.1,2.2,7
Dorsey Business Schools-Madison Heights,MI,169734,0,Profit,Midwest,Suburb,358,0,20472,20472,20.4,71,0.6,2.2,5.9
Empire Beauty School-Center City Philadelphia,PA,375984,0,Profit,Northeast,City,317,24.6,17000,17000,2.8,78.6,6.6,0.6,11.4
Touro University Nevada,NV,459824,0,Private,West,City,18,0,NA,NA,38.9,11.1,5.6,38.9,5.6
Hallmark University,TX,225201,1,Private,West,City,848,0,38210,38210,30.7,12,44.8,2,10.5
Raphael's School of Beauty Culture Inc-Niles,OH,205142,1,Profit,Midwest,Suburb,135,14.8,17740,17740,50.4,28.2,3,0,18.5
Avery James School of Cosmetology,LA,158778,1,Profit,Southeast,City,76,0,15100,15100,54,39.5,1.3,1.3,3.9
Pickaway Ross Joint Vocational School District,OH,407513,1,Public,Midwest,Town,253,40.3,559,559,90.5,4.4,0,0.4,4.7
South University-Richmond,VA,459259,0,Profit,Southeast,Suburb,504,26,17014,17014,38.3,48.2,6.8,3,3.8
Iowa School of Beauty-Des Moines,IA,153597,1,Profit,Midwest,Suburb,45,0,17640,17640,64.4,11.1,6.7,13.3,4.5
Northwest Career College,NV,445948,1,Profit,West,City,756,0,13405,13405,23.2,25.9,36.1,4.8,10.1
South Georgia State College,GA,482699,1,Public,Southeast,Town,2150,26.3,3254,9451,56.2,34.1,6.1,0.7,2.9
The North Coast College,OH,206394,1,Profit,Midwest,Suburb,133,43.6,20439,20439,48.1,42.1,6,0,3.8
Wentworth Institute of Technology,MA,168227,1,Private,Northeast,City,4204,7.3,34977,34977,62.4,4.3,10,7.2,16.1
Western Technical College,TX,224679,1,Profit,West,City,1042,0,30513,30513,16.1,5.1,75.1,0.5,3.2
University of Science and Arts of Oklahoma,OK,207722,1,Public,West,Town,852,14.7,7200,17550,58.5,4.2,10.1,0.6,26.6
Illinois Central College,IL,145682,1,Public,Midwest,Suburb,6875,56.7,4290,10800,74.3,12.1,7.1,1.4,5.1
Vance-Granville Community College,NC,199838,1,Public,Southeast,Town,2159,59,1948,6556,51.7,33.5,5.9,0.9,8
Midway Paris Beauty School,NY,193186,1,Profit,Northeast,City,125,52.8,12700,12700,5.6,15.2,30.4,0,48.8
Northland College,WI,239512,1,Private,Midwest,Town,602,1.3,35157,35157,79.6,2.7,5,1.3,11.5
Empire Beauty School-Brooklyn,NY,383765,0,Profit,Northeast,City,126,24.6,12750,12750,14.3,50,16.7,7.9,11.1
Kenneth Shuler School of Cosmetology-Spartanburg,SC,445841,0,Profit,Southeast,City,130,31.5,17225,17225,61.5,28.5,7.7,0,2.3
Lincoln Trail College,IL,403478,1,Public,Midwest,Rural,495,21.4,3810,11734,86.3,6.7,1.6,1.2,4.2
Unitech Training Academy-Metairie,LA,487047,0,Profit,Southeast,City,77,0,17700,17700,1.3,94.8,1.3,0,2.6
Northwest Iowa Community College,IA,154129,1,Public,Midwest,Rural,765,28.6,5910,6210,80.8,4.6,7.6,1.2,5.9
Mississippi State University,MS,176080,1,Public,Southeast,Town,17723,7.7,8318,22358,72.1,19.9,2.8,1.3,4
Northwest State Community College,OH,204440,1,Public,Midwest,Rural,1250,63.8,3858,7490,80.6,1.6,9.4,0.4,7.9
Kettering University,MI,169983,1,Private,Midwest,City,1850,3,42490,42490,75.5,2.9,5.2,3.8,12.6
Lander University,SC,218229,1,Public,Southeast,Town,2722,5.1,11700,21300,62.1,26.7,2,1.5,7.7
Rowan-Cabarrus Community College,NC,199494,1,Public,Southeast,Suburb,4171,36.1,2626,8770,61.1,20.4,9.6,1.5,7.4
Career Academy of Hair Design,AR,107220,1,Profit,Southeast,City,169,0,13695,13695,75.7,7.7,11.8,1.8,3
Radford M Locklin Technical Center,FL,136659,1,Public,Southeast,Rural,323,46.8,4134,4134,83.3,5.6,5,1.2,5
Lawson State Community College,AL,101569,1,Public,Southeast,City,3034,43.1,4440,8010,14.9,80.8,1.6,0.8,2
Georgia Military College,GA,485111,1,Public,Southeast,Town,5947,34.9,6124,6124,42.6,42.4,7.5,2.2,5.3
International Academy of Style,NV,457785,1,Profit,West,City,94,0,19450,19450,67,0,21.3,4.3,7.4
International Beauty School 4,WV,238005,1,Profit,Southeast,City,66,0,25000,25000,71.2,28.8,0,0,0
Tennessee College of Applied Technology-Oneida-Huntsville,TN,221582,1,Public,Southeast,Town,276,48.6,1970,1970,99.3,0,0,0,0.7
University of New Hampshire at Manchester,NH,183071,0,Public,Northeast,City,711,19.3,14850,29420,74,2.1,5.3,4.4,14.2
Flint Hills Technical College,KS,155052,1,Public,Midwest,Town,397,29.2,6040,6040,71.3,2.5,22.7,1.8,1.8
The New School,NY,193654,1,Private,Northeast,City,6982,11.4,47276,47276,32.5,5.7,12,9.6,40.2
Phagans School of Hair Design,OR,209700,1,Profit,West,Suburb,134,0,17900,17900,82.8,6,6.7,3.7,0.7
Spertus College,IL,148982,1,Private,Midwest,City,NA,NA,NA,NA,NA,NA,NA,NA,NA
The Salon Professional Academy-Evansville,IN,459392,1,Profit,Midwest,City,114,31.6,15390,15390,93,1.8,2.6,0,2.6
Temple College,TX,228608,1,Public,West,City,4787,66.5,2328,5976,51.9,14.7,28.6,2,2.9
Cleveland Institute of Art,OH,202046,1,Private,Midwest,City,630,1.8,40655,40655,66,9.4,8.3,3.2,13.2
Pima Medical Institute-Tucson,AZ,105534,1,Profit,West,City,2300,0,12992,12992,39.5,6.4,39,5.2,10
Columbia College,VA,479248,0,Profit,Southeast,Suburb,151,4,9360,9360,25.2,5.3,19.9,32.5,17.2
Larry's Barber College,IL,476489,1,Profit,Midwest,City,140,0,12095,12095,0.7,97.1,2.1,0,0
ASI Career Institute,NJ,475431,1,Profit,Northeast,Suburb,57,0,11500,11500,42.1,47.4,8.8,1.8,0
California State University-Bakersfield,CA,110486,1,Public,West,City,8705,13.9,7147,19027,17.8,5.8,56.5,7.1,12.8
Central Wyoming College,WY,240514,1,Public,West,Town,944,40.7,3024,7536,63.5,0.7,8.2,0.5,27.1
Monroe 2 Orleans BOCES-Center for Workforce Development,NY,451459,1,Public,Northeast,Suburb,74,31.1,7700,7700,75.7,12.2,8.1,0,4.1
Menlo College,CA,118693,1,Private,West,Suburb,726,2.2,41350,41350,23.8,7.9,24.7,8.8,34.8
Fort Valley State University,GA,139719,1,Public,Southeast,Town,2329,9.3,6658,19738,3.3,92.5,1.5,0.2,2.6
College of the Sequoias,CA,123217,1,Public,West,City,10727,52.6,1390,7186,21.9,2.4,68.1,3.4,4.3
The Salon Professional Academy-Ft Myers,FL,459347,1,Profit,Southeast,City,56,71.4,14490,14490,55.4,8.9,23.2,1.8,10.7
College of International Esthetics Inc,CO,476586,1,Profit,West,Suburb,111,28.8,14345,14345,60.4,3.6,27,0,9
Saginaw Chippewa Tribal College,MI,441070,1,Public,Midwest,Town,133,62.4,2040,2040,13.5,2.3,6,0,78.2
The Workforce Institute's City College,PA,214023,1,Private,Northeast,City,21,19.1,12097,12097,4.8,81,4.8,9.5,0
Davenport University,MI,169479,1,Private,Midwest,Suburb,5030,48.2,17558,17558,69.2,11.8,4.1,2.7,12.3
Pennsylvania Institute of Health and Technology,PA,261861,0,Profit,Northeast,Rural,78,0,13170,13170,98.7,0,0,0,1.3
Vanderbilt University,TN,221999,1,Private,Southeast,City,6856,1,47664,47664,48.4,10.3,9.6,13.5,18.1
Shear Finesse Hairstyling Academy,FL,480842,1,Profit,Southeast,City,23,0,13500,13500,0,95.7,4.4,0,0
International Baptist College and Seminary,AZ,436614,1,Private,West,Suburb,62,22.6,11250,11250,77.4,1.6,12.9,0,8.1
Suncoast Technical College,FL,137120,1,Public,Southeast,Suburb,381,15,5968,5968,71.1,8.1,16,0.8,3.9
Midwest Technical Institute-Springfield,IL,437556,1,Profit,Midwest,City,550,2.9,14672,14672,68.9,25.6,2.2,0.4,2.9
Black River Technical College,AR,106625,1,Public,Southeast,Rural,1216,27.3,3120,5448,93.3,2.6,1.9,0.1,2.1
GateWay Community College-Central City,AZ,246895,0,Public,West,City,487,49.3,9221,9221,31.8,3.5,26.3,1.6,36.8
McLennan Community College,TX,226578,1,Public,West,City,6913,50.4,3450,3990,49.4,13.6,30.8,1.7,4.5
Palomar College,CA,120971,1,Public,West,Suburb,21320,67,1338,7386,37.8,3.1,43,6,10.1
University of Providence,MT,180258,1,Private,West,City,923,49.3,24440,24440,67.2,2.7,12.5,3.9,13.8
University of Hawaii at Manoa,HI,141574,1,Public,West,City,12583,16.2,11754,33786,17,1.5,11.4,39.3,30.8
University of Mary Hardin-Baylor,TX,226471,1,Private,West,Suburb,3275,7,27600,27600,55.8,15.2,21,1.7,6.3
Dabney S Lancaster Community College,VA,231873,1,Public,Southeast,Rural,650,42.5,4613,10541,85.4,6,2.5,0.9,5.2
Dell'Arte International School of Physical Theatre,CA,113537,1,Private,West,Rural,19,0,13350,13350,63.2,0,0,0,36.8
Christian Theological Seminary,IN,150215,1,Private,Midwest,City,NA,NA,NA,NA,NA,NA,NA,NA,NA
Kaskaskia College,IL,146366,1,Public,Midwest,Rural,1847,37,4470,12330,91.2,4.6,1.4,0.6,2.2
The Art Institute of Las Vegas,NV,182111,0,Profit,West,City,683,36.6,17410,17410,17.3,15.5,29.9,4,33.4
Hobart William Smith Colleges,NY,191630,1,Private,Northeast,Town,2220,0.5,53525,53525,74.7,6.1,4.8,3.5,11
Susquehanna County Career and Technology Center,PA,441672,1,Public,Northeast,Rural,66,0,14500,14500,98.5,1.5,0,0,0
University of Phoenix-Texas,TX,484756,0,Profit,West,City,1373,0,9940,9940,12.1,26,20.1,0.5,41.3
Eastern Virginia Career College,VA,441858,1,Profit,Southeast,Suburb,185,15.7,34915,34915,49.7,32.4,6,2.7,9.2
Jolie Hair and Beauty Academy-Hazleton,PA,210474,1,Profit,Northeast,Suburb,61,26.2,17784,17784,57.4,11.5,31.2,0,0
Bradford School,OH,202161,1,Profit,Midwest,City,368,0,13980,13980,67.4,11.7,3.3,1.1,16.6
Indiana Institute of Technology,IN,151290,1,Private,Midwest,City,6899,39,26370,26370,41.1,40,4.5,0.5,14
Meridian College,FL,244279,1,Profit,Southeast,Rural,227,0,16900,16900,46.3,36.6,15.9,0.4,0.9
Medical College of Wisconsin,WI,239169,1,Private,Midwest,Suburb,NA,NA,NA,NA,NA,NA,NA,NA,NA
Allegany College of Maryland,MD,161688,1,Public,Northeast,City,1990,37.6,3940,8620,79.2,14,1.5,0.4,4.9
Illinois State University,IL,145813,1,Public,Midwest,Suburb,18264,6.2,14061,25168,75,8.6,10.4,2.1,3.9
Paul Mitchell the School-Tampa,FL,449959,0,Profit,Southeast,Suburb,237,44.3,12600,12600,69.6,12.2,14.4,1.3,2.5
CollegeAmerica-Denver,CO,126872,1,Private,West,City,139,0,16968,16968,28.1,14.4,44.6,2.2,10.8
Paul Mitchell the School-Nampa,ID,488998,0,Profit,West,Rural,92,0,18100,18100,69.6,0,26.1,0,4.3
Wood County School of Practical Nursing,WV,238096,1,Public,Southeast,Suburb,28,0,4285,4285,96.4,0,0,0,3.6
Arnolds Beauty School,TN,219587,1,Profit,Southeast,Town,54,0,16750,16750,88.9,9.3,0,0,1.9
Iowa School of Beauty-Sioux City,IA,154457,1,Profit,Midwest,City,43,0,17640,17640,58.1,0,23.3,4.7,14
University of Vermont,VT,231174,1,Public,Northeast,City,10513,3,17740,41356,80.9,1.3,3.9,2.8,11.1
University of Utah,UT,230764,1,Public,West,City,23402,23.8,8884,28127,68.6,1.4,12.8,5.8,11.4
Rabbinical Seminary of America,NY,194763,1,Private,Northeast,City,263,0,9800,9800,100,0,0,0,0
Bowdoin College,ME,161004,1,Private,Northeast,Town,1812,0.1,51848,51848,62.3,6.5,11.2,6.6,13.5
Baylor University,TX,223232,1,Private,West,City,14284,1.4,43790,43790,63.4,6.3,15.3,6.3,8.7
Lake Tahoe Community College,CA,117195,1,Public,West,Rural,1810,69.2,1224,7269,51.2,4.5,28.4,6.6,9.4
Chemeketa Community College,OR,208390,1,Public,West,Suburb,8474,48.2,4500,11790,48.2,1,27.5,1.8,21.5
Anne Arundel Community College,MD,161767,1,Public,Northeast,Suburb,11294,66.6,4646,12566,56.6,18,8.2,4.4,12.9
Beauty Schools of America-Homestead,FL,456861,0,Profit,Southeast,Suburb,261,0,14574,14574,1.2,19.9,78.9,0,0
Francis Tuttle Technology Center,OK,245999,1,Public,West,City,806,48.1,3157,3157,52.6,17.5,16.5,3.5,9.9
P&A Scholars Beauty School,MI,391005,1,Profit,Midwest,City,348,0,16500,16500,0.3,98.9,0.6,0,0.3
Cleveland Clinic Health System-School of Diagnostic Imaging,OH,411754,1,Private,Midwest,Suburb,39,0,NA,NA,71.8,15.4,2.6,5.1,5.1
Stark State College,OH,205841,1,Public,Midwest,Suburb,7778,61.4,3686,6794,70.4,14.2,1.9,2.4,11.2
Mid-America College of Funeral Service,IN,151962,1,Private,Midwest,Suburb,101,0,11900,11900,79.2,17.8,3,0,0
MKG Beauty & Business,RI,485582,1,Profit,Northeast,Suburb,114,25.4,14450,14450,72.8,7,10.5,3.5,6.1
Sandra Academy of Salon Services Inc,TN,486442,1,Profit,Southeast,Town,64,1.6,13000,13000,100,0,0,0,0
YTI Career Institute-York,PA,217077,1,Profit,Northeast,Suburb,1165,0,29862,29862,67.9,7.4,18.6,1.9,4.2
More Tech Institute,FL,483470,1,Profit,Southeast,Suburb,75,0,6782,6782,0,0,100,0,0
California Institute of Arts & Technology,CA,490285,1,Profit,West,City,804,22,14040,14040,20.2,15.3,13.2,41.9,9.4
Northwest College-Hillsboro,OR,441168,0,Profit,West,City,45,0,18631,18631,66.7,4.4,20,4.4,4.5
CUNY New York City College of Technology,NY,190655,1,Public,Northeast,City,16214,32.5,6920,14310,10.6,27.9,34.1,20.3,7.1
DeHart Technical School,CA,488192,1,Profit,West,Suburb,81,100,NA,NA,32.1,2.5,44.4,7.4,13.6
House of Heavilin Beauty College-Academy of Beauty Professionals,WI,489131,0,Profit,Midwest,Suburb,38,0,17801,17801,73.7,7.9,5.3,13.2,0
Trinity Episcopal School for Ministry,PA,216463,1,Private,Northeast,Suburb,NA,NA,NA,NA,NA,NA,NA,NA,NA
ATA College Tri-County,OH,452373,0,Profit,Midwest,Suburb,277,50.2,13295,13295,44,48.4,0.7,3.6,3.3
Elegance International,CA,114044,1,Profit,West,City,354,0,17600,17600,22,9.9,53.7,2.3,12.2
Cincinnati College of Mortuary Science,OH,201867,1,Private,Midwest,Suburb,85,0,NA,NA,80,11.8,1.2,0,7.1
The University of Aesthetics & Cosmetology,IL,454962,1,Profit,Midwest,Suburb,35,40,11867,11867,68.6,20,11.4,0,0
University of Minnesota-Crookston,MN,174075,1,Public,Midwest,Town,1797,37.5,11814,11814,76.2,6.3,4.3,2.7,10.5
Edgewood College,WI,238661,1,Private,Midwest,City,1521,11.1,28500,28500,78.8,3,6.3,2.9,9.1
Southern Careers Institute-Harlingen,TX,459985,0,Profit,West,City,411,0,16800,16800,10.5,0.5,35.5,0,53.5
Lincoln Technical Institute-Allentown,PA,213570,0,Profit,Northeast,Suburb,444,0,17470,17470,44.8,12.8,34.7,0.5,7.2
Paul Quinn College,TX,227429,1,Private,West,City,515,4.5,8495,8495,1,74.8,22.9,0,1.4
American Institute of Medical Technology,OK,449728,1,Profit,West,City,102,0,27400,27400,69.6,7.8,1,0,21.6
Heritage Bible College,NC,198677,1,Private,Southeast,Rural,42,40.5,8328,8328,59.5,33.3,4.8,0,2.4
Saint Charles Borromeo Seminary-Overbrook,PA,216047,1,Private,Northeast,Suburb,75,24,20655,20655,52,26.7,16,4,1.3
California Institute of the Arts,CA,111081,1,Private,West,Suburb,979,2,47446,47446,41.6,4.1,15,10.5,28.8
Lorain County Community College,OH,203748,1,Public,Midwest,City,7976,66.6,3151,7376,71.3,10.7,10.9,1,6.2
Bethel University,MN,173160,1,Private,Midwest,Suburb,2777,16.3,36210,36210,76.2,4.4,4.6,3.4,11.4
University of South Carolina-Columbia,SC,218663,1,Public,Southeast,City,25550,3.8,11862,31962,76.3,8.9,4.7,3,7.1
The Salon Professional Academy-Shorewood,IL,462345,1,Profit,Midwest,Suburb,71,57.8,18000,18000,67.6,7,23.9,0,1.4
Estrella Mountain Community College,AZ,384333,1,Public,West,Suburb,7709,62.8,2094,7878,27.5,7.5,54,3.3,7.8
Bellus Academy-Poway,CA,377722,1,Profit,West,Suburb,387,0,9619,9619,42.1,6.2,27.4,7,17.3
Paul Mitchell the School-Murfreesboro,TN,220491,1,Profit,Southeast,City,183,25.7,15300,15300,55.7,32.8,6,0.6,4.9
Summit College,CA,400080,1,Profit,West,Suburb,1154,0,31400,31400,17.9,13.9,49.4,4.8,14
